"year","years_per_iteration","surface_elevation","aboveground_biomass","belowground_biomass","totalRootVolume","sediment_delivered","rootToShoot","rootTurnover","abovegroundTurnover","rootDepthMax","rootPackingDensity","lambda","rootShape","cumulativeTotalOm","cumulativeSequesteredOm","omFlux","omSequestration","cFlux","cSequestration"
1928,1,-11,0.0601930618803538,0.102328205196601,1.46183150280859,0.0115438072833821,1.7,0.5,1.5,40,0.07,0.0748933068388498,0,67.5464598860791,67.37269042057,NA,NA,NA,NA
1929,1,-10.3619941089896,0.0597983538197759,0.101657201493619,1.45224573562313,0.0137134382863921,1.7,0.5,1.5,40,0.07,0.0748933068388498,0,67.6097784610434,67.4366799992373,0.0633185749643417,0.0639895786673179,0.030392915982884,0.0307149977603126
1930,1,-9.7174240394063,0.0597551596532265,0.101583771410485,1.4511967344355,0.0139511180168428,1.7,0.5,1.5,40,0.07,0.0748933068388498,0,67.6727606467275,67.5001993969756,0.0629821856840209,0.0635193977383324,0.03023144912833,0.0304893109143995
1931,1,-9.07418760519306,0.0597229909265978,0.101529084575216,1.45041549393166,0.0141281581999049,1.7,0.5,1.5,40,0.07,0.0748933068388498,0,67.7361128615797,67.5636616896285,0.0633522148521877,0.0634622926528721,0.0304090631290501,0.0304619004733786
1932,1,-8.43110354116948,0.0596976592000833,0.101486020640142,1.44980029485917,0.0142675880575216,1.7,0.5,1.5,40,0.07,0.0748933068388498,0,67.7994495936509,67.6270798377983,0.0633367320712637,0.0634181481697738,0.0304016313942066,0.0304407111214914
1933,1,-7.78811883674973,0.0596801209220176,0.10145620556743,1.449374365249,0.014364130186679,1.7,0.5,1.5,40,0.07,0.0748933068388498,0,67.8627716718542,67.6904618793746,0.0633220782032993,0.063382041576304,0.0303945975375837,0.0304233799566259
1934,1,-7.14516775255402,0.0596706525522247,0.101440109338782,1.44914441912546,0.0144162531860736,1.7,0.5,1.5,40,0.07,0.0748933068388498,0,67.9260897625613,67.75381697527,0.063318090707071,0.0633550958954459,0.0303926835393941,0.030410446029814
1935,1,-6.50217985433335,0.0596695008852195,0.101438151504873,1.44911645006962,0.014422593205688,1.7,0.5,1.5,40,0.07,0.0748933068388498,0,67.9894141053546,67.8171546103213,0.0633243427933081,0.063337635051326,0.0303956845407879,0.0304020648246365
1936,1,-5.8590836120228,0.0596768751755098,0.101450687798367,1.44929553997667,0.0143819976631218,1.7,0.5,1.5,40,0.07,0.0748933068388498,0,68.0527551231742,67.8804845584004,0.0633410178196243,0.063329948079101,0.0304036885534197,0.0303983750779685
1937,1,-5.21580674192649,0.0596929416578277,0.101478000818307,1.44968572597581,0.0142935557971787,1.7,0.5,1.5,40,0.07,0.0748933068388498,0,68.1161233661951,67.9438168382759,0.0633682430209035,0.0633322798754108,0.0304167566500337,0.0303994943401972
1938,1,-4.5722766233223,0.0597178198562888,0.101520293755691,1.45028991079559,0.0141566193856268,1.7,0.5,1.5,40,0.07,0.0748933068388498,0,68.1795294485146,68.00716166304,0.0634060823194886,0.0633448247641155,0.0304349195133545,0.0304055158867754
1939,1,-3.92842075402029,0.0597515787595713,0.101577683891271,1.4511097698753,0.0139708242108946,1.7,0.5,1.5,40,0.07,0.0748933068388498,0,68.2429839823444,68.0705293852048,0.063454533829784,0.063367722164827,0.0304581762382963,0.030416506639117
1940,1,-3.28416304938798,0.0597944053800359,0.101650489146061,1.45214984494373,0.0137351630507112,1.7,0.5,1.5,40,0.07,0.0748933068388498,0,68.3064978006298,68.1339304373088,0.0635138182854149,0.0634010521039841,0.0304866327769992,0.0304325050099123
1941,1,-2.63943676969143,0.0598460555789937,0.101738294484289,1.45340420691842,0.0134510081719988,1.7,0.5,1.5,40,0.07,0.0748933068388498,0,68.3700813601342,68.1973754705866,0.0635835595043801,0.06344503327783,0.0305201085621024,0.0304536159733584
1942,1,-1.99418565760391,0.0599058762111732,0.101839989558995,1.45485699369992,0.0131219875903563,1.7,0.5,1.5,40,0.07,0.0748933068388498,0,68.4337436291598,68.2608748483448,0.0636622690255848,0.0634993777582196,0.0305578891322807,0.0304797013239454
1943,1,-1.34835838038214,0.0599731755410553,0.101954398419794,1.45649140599706,0.0127519454795913,1.7,0.5,1.5,40,0.07,0.0748933068388498,0,68.4974922562886,68.3244381654081,0.063748627128831,0.0635633170632985,0.0305993410218389,0.0305103921903833
1944,1,-0.701909796790801,0.0600472332707733,0.102080296560315,1.45828995086164,0.0123448861905648,1.7,0.5,1.5,40,0.07,0.0748933068388498,0,68.561333977598,68.3880742028523,0.0638417213093874,0.0636360374441978,0.0306440262285059,0.0305452979732149
1945,1,-0.0548010292103527,0.0601273065085257,0.102216421064494,1.46023458663562,0.0119049406274879,1.7,0.5,1.5,40,0.07,0.0748933068388498,0,68.6252746094647,68.4517908945252,0.0639406318667284,0.0637166916728944,0.0306915032960296,0.0305840120029893
1946,1,0.59300049506146,0.0602126362227654,0.102361481578701,1.46230687969573,0.0114363299740136,1.7,0.5,1.5,40,0.07,0.0748933068388498,0,68.6893190402482,68.5155953005833,0.0640444307835111,0.063804406058054,0.0307413267760853,0.0306261149078659
1947,1,1.24152104720906,0.0603024535109172,0.102514170968559,1.4644881566937,0.010943330463636,1.7,0.5,1.5,40,0.07,0.0748933068388498,0,68.7534712297261,68.579493588615,0.0641521894779089,0.0638982880317087,0.0307930509493963,0.0306711782552202
1948,1,1.89078064652892,0.0603959856783062,0.102673175653121,1.46675965218744,0.0104302392195847,1.7,0.5,1.5,40,0.07,0.0748933068388498,0,68.8177342153613,68.6434910221315,0.064262985635196,0.0639974335164766,0.030846233104894,0.0307187680879088
1949,1,2.54079315440822,0.0604924621146629,0.102837185594927,1.4691026513561,0.00990134123530219,1.7,0.5,1.5,40,0.07,0.0748933068388498,0,68.8821101251439,68.7075919562012,0.0643759097825551,0.0641009340697423,0.0309004366956265,0.0307684483534763
1950,1,3.19156641068275,0.0605911199527484,0.103004903919672,1.47149862742389,0.00936087758225378,1.7,0.5,1.5,40,0.07,0.0748933068388498,0,68.9466001967282,68.7717998399903,0.0644900715843022,0.0642078837891233,0.0309552343604651,0.0308197842187792
1951,1,3.84321712918745,0.060695933212166,0.103183086460682,1.47404409229546,0.0087871703769529,1.7,0.5,1.5,40,0.07,0.0748933068388498,0,69.0112128328842,68.8361172259508,0.0646126361559709,0.0643173859605071,0.031014065354866,0.0308723452610434
1952,1,4.49584524349837,0.0608094912901627,0.103376135193277,1.47680193133252,0.00816621169751122,1.7,0.5,1.5,40,0.07,0.0748933068388498,0,69.0759643176748,68.9005513357526,0.0647514847906763,0.0644341098017236,0.0310807126995246,0.0309283727048273
1953,1,5.14944552354007,0.0609289771195633,0.103579261103258,1.47970373004654,0.00751361466098227,1.7,0.5,1.5,40,0.07,0.0748933068388498,0,69.1408632147214,68.9651124328849,0.0648988970465183,0.0645610971323265,0.0311514705823288,0.0309893266235167
1954,1,5.80400909686023,0.0610516414014381,0.103787790382445,1.48268271974921,0.00684460455639497,1.7,0.5,1.5,40,0.07,0.0748933068388498,0,69.2059085234624,69.0298074697571,0.0650453087409915,0.064695036872223,0.0312217481956759,0.031053617698667
1955,1,6.45950815604283,0.0611749029659632,0.103997335042137,1.48567621488768,0.00617346163419549,1.7,0.5,1.5,40,0.07,0.0748933068388498,0,69.2710963139788,69.0946401676568,0.0651877905164895,0.0648326978996892,0.031290139447915,0.0311196949918508
1956,1,7.11589859970263,0.0612963891261782,0.104203861514503,1.48862659306433,0.00549378725136755,1.7,0.5,1.5,40,0.07,0.0748933068388498,0,69.3364201752374,69.1596112146251,0.0653238612585199,0.0649710469682674,0.0313554534040895,0.0311861025447683
1957,1,7.77310957641305,0.0614139764478306,0.104403759961312,1.4914822851616,0.00481565734026768,1.7,0.5,1.5,40,0.07,0.0748933068388498,0,69.4018715789024,69.2247185107268,0.0654514036650227,0.065107296101786,0.0314166737592109,0.0312515021288573
1958,1,8.43105797577459,0.0615258197411718,0.104593893559992,1.49419847942846,0.00417217271569693,1.7,0.5,1.5,40,0.07,0.0748933068388498,0,69.4674402701703,69.289957461202,0.0655686912679272,0.0652389504751341,0.0314729718086051,0.0313146962280643
1959,1,9.08966768422181,0.061630381848214,0.104771649141964,1.4967378448852,0.00357226601493947,1.7,0.5,1.5,40,0.07,0.0748933068388498,0,69.5331146801436,69.3553213036517,0.065674409973326,0.0653638424497416,0.0315237167871965,0.031374644375876
1960,1,9.74885751416309,0.0617264547690433,0.104934973107374,1.49907104439105,0.00302291307004381,1.7,0.5,1.5,40,0.07,0.0748933068388498,0,69.5988823592456,69.420801470193,0.06576767910191,0.0654801665413061,0.0315684859689168,0.0314304799398269
1961,1,10.4085437830338,0.0618131629272813,0.105082376976378,1.50117681394826,0.00252911276352324,1.7,0.5,1.5,40,0.07,0.0748933068388498,0,69.6647303948891,69.4863879743996,0.0658480356435547,0.065586504206621,0.0316070571089062,0.0314815220191781
1962,1,11.0686428962033,0.061889963235007,0.105212937499512,1.50304196427874,0.00209388679772291,1.7,0.5,1.5,40,0.07,0.0748933068388498,0,69.7306458064159,69.5520698020417,0.0659154115268308,0.065681827642095,0.0316393975328788,0.0315272772682056
1963,1,11.72914091499,0.0619594030171649,0.10533098512918,1.50472835898829,0.00170280607384191,1.7,0.5,1.5,40,0.07,0.0748933068388498,0,69.7966206244617,69.6178353018627,0.0659748180457882,0.0657654998209267,0.0316679126619783,0.0315674399140448
1964,1,12.3900057257579,0.0620228563207427,0.105438855745263,1.50626936778947,0.00134841444488856,1.7,0.5,1.5,40,0.07,0.0748933068388498,0,69.8626515145428,69.6836758168776,0.066030890081052,0.065840515014969,0.031694827238905,0.0316034472071851
1965,1,13.0511424168146,0.0620784789356516,0.105533414190608,1.50762020272297,0.0010414617850305,1.7,0.5,1.5,40,0.07,0.0748933068388498,0,69.9287299442595,69.7495843054728,0.0660784297167396,0.0659084885951984,0.031717646264035,0.0316360745256952
1966,1,13.7124597502309,0.0621247496604328,0.105612074422736,1.5087439203248,0.000790773523234668,1.7,0.5,1.5,40,0.07,0.0748933068388498,0,69.9948419692098,69.8155515597917,0.0661120249502432,0.065967254318835,0.0317337719761167,0.0316642820730408
1967,1,14.3738619953529,0.062160514498494,0.10567287464744,1.50961249496343,0.00060299185065275,1.7,0.5,1.5,40,0.07,0.0748933068388498,0,70.0609728243351,69.8815665854867,0.0661308551253654,0.0660150256950516,0.0317428104601754,0.0316872123336248
1968,1,15.0352525774566,0.0621850079748212,0.105714513557196,1.51020733653137,0.000482448475944876,1.7,0.5,1.5,40,0.07,0.0748933068388498,0,70.1271074850988,69.9476170333639,0.0661346607636943,0.0660504478771742,0.0317446371665733,0.0317042149810436
1969,1,15.6965373829046,0.0621978670925885,0.1057363740574,1.51051962939143,0.000419058236425454,1.7,0.5,1.5,40,0.07,0.0748933068388498,0,70.1932311738405,70.0136896560309,0.0661236887417118,0.0660726226670363,0.0317393705960217,0.0317148588801774
1970,1,16.3556796561269,0.0621192416085079,0.105602710734463,1.50861015334948,0.00036499349100484,1.7,0.5,1.5,40,0.07,0.0748933068388498,0,70.259194036905,70.0797707808992,0.0659628630644136,0.0660811248682336,0.0316621742709185,0.0317189399367521
1971,1,16.9937566015236,0.0612032802976834,0.104045576506062,1.48636537865803,0.000315752856364506,1.7,0.5,1.5,40,0.07,0.0748933068388498,0,70.3235268035598,70.1457529127111,0.0643327666548998,0.0659821318119072,0.0308797279943519,0.0316714232697154
1972,1,17.6035089169598,0.0594566309003686,0.101076272530627,1.44394675043752,0.000273545078180885,1.7,0.5,1.5,40,0.07,0.0748933068388498,0,70.3843796017934,70.2106521917696,0.0608527982335687,0.0648992790585083,0.029209343152113,0.031151653948084
1973,1,18.1825531600637,0.0571873225581412,0.09721844834884,1.388834976412,0.00023869867776749,1.7,0.5,1.5,40,0.07,0.0748933068388498,0,70.44129916889,70.2734926678583,0.0569195670966423,0.062840476088752,0.0273213922063883,0.030163428522601
1974,1,18.7281033304866,0.0545744509619441,0.092776566635305,1.3253795233615,0.000209462986364965,1.7,0.5,1.5,40,0.07,0.0748933068388498,0,70.4943379737653,70.3336604225974,0.0530388048752712,0.0601677547390551,0.0254586263401302,0.0288805222747465
1975,1,19.2376126678881,0.0517015863625705,0.0878926968163698,1.25560995451957,0.000184356430157904,1.7,0.5,1.5,40,0.07,0.0748933068388498,0,70.5434487229774,70.3907520364354,0.0491107492120619,0.0570916138380113,0.0235731596217897,0.0274039746422454
1976,1,19.71233914416,0.0487563805776055,0.0828858469819293,1.18408352831328,0.000163340102769242,1.7,0.5,1.5,40,0.07,0.0748933068388498,0,70.588745576063,70.4444623252078,0.0452968530855742,0.0537102887723648,0.0217424894810756,0.0257809386107351
1977,1,20.1544138603122,0.0458860327629584,0.0780062556970293,1.11437508138613,0.000146022023884342,1.7,0.5,1.5,40,0.07,0.0748933068388498,0,70.6306156030684,70.4947066261539,0.0418700270054302,0.0502443009461757,0.0200976129626065,0.0241172644541643
1978,1,20.5672196199548,0.0432121592223302,0.0734606706779614,1.04943815254231,0.00013198617346202,1.7,0.5,1.5,40,0.07,0.0748933068388498,0,70.6695290303744,70.5415732439878,0.0389134273059994,0.0468666178338424,0.0186784451068797,0.0224959765602443
1979,1,20.9547315557434,0.0408187076489297,0.0693918030031805,0.991311471474007,0.000120785541874898,1.7,0.5,1.5,40,0.07,0.0748933068388498,0,70.7060044149961,70.5852933737496,0.0364753846217525,0.0437201297618515,0.0175081846184412,0.0209856622856887
1980,1,21.3212710677856,0.0387583744657429,0.065889236591763,0.941274808453757,0.00011200539294908,1.7,0.5,1.5,40,0.07,0.0748933068388498,0,70.7405612363615,70.6261968258998,0.034556821365328,0.0409034521501468,0.0165872742553574,0.0196336570320705
1981,1,21.6712305401727,0.0370573095127547,0.0629974261716829,0.899963231024042,0.000105278796428683,1.7,0.5,1.5,40,0.07,0.0748933068388498,0,70.7736985641221,70.6646752962144,0.0331373277605991,0.0384784703146579,0.0159059173250876,0.0184696657510358
1982,1,22.0089212184743,0.0357222964040655,0.0607279038869114,0.867541484098735,0.000100297303143751,1.7,0.5,1.5,40,0.07,0.0748933068388498,0,70.805881668344,70.7011511673623,0.0321831042219571,0.0364758711478288,0.0154478900265394,0.0175084181509578
1983,1,22.3384672628787,0.0347466973376713,0.0590693854740413,0.843848363914875,9.68099325605506e-05,1.7,0.5,1.5,40,0.07,0.0748933068388498,0,70.8375378602401,70.7360547505203,0.0316561918960474,0.0349035831580409,0.0151949721101028,0.0167537199158596
1984,1,22.6637539113107,0.0341155715659218,0.0579964716620671,0.828521023743816,9.46190478656791e-05,1.7,0.5,1.5,40,0.07,0.0748933068388498,0,70.8690564926933,70.769808514417,0.0315186324532277,0.033753763896712,0.0151289435775493,0.0162018066704218
1985,1,22.9884047087788,0.0338094090133352,0.0574759953226698,0.821085647466711,9.35740399939811e-05,1.7,0.5,1.5,40,0.07,0.0748933068388498,0,70.9007916371343,70.8028173301555,0.0317351444410008,0.033008815738512,0.0152328693316804,0.0158442315544858
1986,1,23.3106111843139,0.0335939179442464,0.0571096605052188,0.815852292931698,9.28453480993618e-05,1.7,0.5,1.5,40,0.07,0.0748933068388498,0,70.9327038032256,70.8354631040132,0.0319121660913311,0.0326457738576522,0.0153178397238389,0.0156699714516731
1987,1,23.6291741223458,0.033344567638298,0.0566857649851065,0.809796642644379,9.20091095629163e-05,1.7,0.5,1.5,40,0.07,0.0748933068388498,0,70.964412340244,70.8678524112873,0.0317085370183179,0.0323893072741015,0.0152200977687926,0.0155468674915687
1988,1,23.9460862599645,0.0331442556322392,0.0563452345748067,0.804931922497238,9.13426677909883e-05,1.7,0.5,1.5,40,0.07,0.0748933068388498,0,70.9958693362107,70.8999454930212,0.0314569959667352,0.0320930817338763,0.0150993580640329,0.0154046792322606
1989,1,24.2621968277837,0.0330159149984868,0.0561270554974275,0.801815078534679,9.09181511776128e-05,1.7,0.5,1.5,40,0.07,0.0748933068388498,0,71.0272673407912,70.9317999988397,0.0313980045804954,0.0318545058185578,0.0150710421986378,0.0152901627929077
1990,1,24.5793745287162,0.0330043284648502,0.0561073583902454,0.80153369128922,9.08799205917309e-05,1.7,0.5,1.5,40,0.07,0.0748933068388498,0,71.0587949803411,70.9635005189631,0.0315276395499069,0.0317005201233513,0.0151332669839553,0.0152162496592086
1991,1,24.8994513206756,0.0331343023448822,0.0563283139862998,0.804690199804283,9.13096760748181e-05,1.7,0.5,1.5,40,0.07,0.0748933068388498,0,71.0906845258198,70.9951842548574,0.0318895454786912,0.0316837358943332,0.0153069818297718,0.0152081932292799
1992,1,25.2246071646503,0.0334301977913409,0.0568313362452796,0.811876232075423,9.22954497642281e-05,1.7,0.5,1.5,40,0.07,0.0748933068388498,0,71.1231734027574,71.0270175416871,0.0324888769376344,0.0318332868297233,0.0155946609300645,0.0152799776782672
1993,1,25.5571039457609,0.0339080032857046,0.0576436055856979,0.823480079795684,9.39093157359198e-05,1.7,0.5,1.5,40,0.07,0.0748933068388498,0,71.1565126555765,71.0591953223378,0.0333392528191325,0.0321777806506418,0.0160028413531836,0.0154453347123081
1994,1,25.8993258312387,0.0345798955497896,0.0587858224346423,0.839797463352032,9.62260267864903e-05,1.7,0.5,1.5,40,0.07,0.0748933068388498,0,71.1909557702381,71.0919313066663,0.0344431146615989,0.0327359843285109,0.0165326950375675,0.0157132724776852
1995,1,26.2536884419113,0.0354529922536899,0.0602700868312729,0.861001240446755,9.93221297968307e-05,1.7,0.5,1.5,40,0.07,0.0748933068388498,0,71.2267573413203,71.1254534908066,0.0358015710821036,0.0335221841403239,0.0171847541194097,0.0160906483873555
1996,1,26.6226138655669,0.0365305827720275,0.0621019907124467,0.887171295892096,0.00010328346784524,1.7,0.5,1.5,40,0.07,0.0748933068388498,0,71.264167805603,71.1599982113556,0.0374104642827149,0.0345447205490075,0.0179570228557031,0.0165814658635236
1997,1,27.0042320300992,0.0376371487313567,0.0639831528433064,0.914045040618663,0.00010752209555898,1.7,0.5,1.5,40,0.07,0.0748933068388498,0,71.3031329099274,71.1958056462916,0.0389651043244186,0.0358074349359896,0.0187032500757209,0.017187568769275
1998,1,27.3965702178408,0.0386539812094517,0.065711768056068,0.938739543658113,0.000111579602478561,1.7,0.5,1.5,40,0.07,0.0748933068388498,0,71.3432785744097,71.2329097154863,0.0401456644822673,0.0371040691947115,0.0192699189514883,0.0178099532134615
1999,1,27.8000556040026,0.039627106295786,0.0673660807028362,0.962372581469089,0.000115618214799231,1.7,0.5,1.5,40,0.07,0.0748933068388498,0,71.3844359319685,71.2712048524359,0.0411573575588307,0.0382951369495572,0.0197555316282387,0.0183816657357875
2000,1,28.2140787491418,0.0405593678580565,0.068950925358696,0.985013219409943,0.000119639214928724,1.7,0.5,1.5,40,0.07,0.0748933068388498,0,71.4266110070927,71.3106395818482,0.0421750751242485,0.0394347294123065,0.0202440360596393,0.0189286701179071
2001,1,28.6386256033209,0.041470169231373,0.0704992876933341,1.00713268133334,0.000123720720195679,1.7,0.5,1.5,40,0.07,0.0748933068388498,0,71.4697925250487,71.3511657751232,0.0431815179559294,0.0405261932750705,0.0207271286188461,0.0194525727720338
2002,1,29.0735851445806,0.0423679458443376,0.0720255079353739,1.0289358276482,0.000127901810290195,1.7,0.5,1.5,40,0.07,0.0748933068388498,0,71.5139923387971,71.3927581073926,0.0441998137484774,0.0415923322693317,0.0212159105992691,0.0199643194892792
2003,1,29.5190012016137,0.0432618800811042,0.0735451961378771,1.05064565911253,0.000132231556919646,1.7,0.5,1.5,40,0.07,0.0748933068388498,0,71.5592207876886,71.4354011679489,0.0452284488914501,0.0426430605563439,0.021709655467896,0.0204686690670451
2004,1,29.9749431424182,0.044157913553643,0.075068453041193,1.07240647201704,0.000136750235990154,1.7,0.5,1.5,40,0.07,0.0748933068388498,0,71.6054942433,71.4790903369274,0.046273455611356,0.0436891689785028,0.0222112586934509,0.0209708011096814
2005,1,30.4415340093418,0.0450608852239949,0.0766035048807913,1.0943357840113,0.00014149865906934,1.7,0.5,1.5,40,0.07,0.0748933068388498,0,71.6528303841589,71.5238279763193,0.0473361408589454,0.0447376393918262,0.0227213476122938,0.0214740669080766
2006,1,30.9189203910729,0.04597412947083,0.078156020100411,1.11651457286301,0.000146515921881598,1.7,0.5,1.5,40,0.07,0.0748933068388498,0,71.701248682928,71.5696221336598,0.0484182987691213,0.0457941573405662,0.0232407834091782,0.0219811955234718
2007,1,31.4072676437136,0.0468999435987443,0.0797299041178653,1.13899863025522,0.000151841685577023,1.7,0.5,1.5,40,0.07,0.0748933068388498,0,71.7507689851124,71.6164847735747,0.0495203021844333,0.0468626399148633,0.023769745048528,0.0224940671591344
2008,1,31.9065594766022,0.0478319018031037,0.0813142330652763,1.16163190093252,0.000157468699240601,1.7,0.5,1.5,40,0.07,0.0748933068388498,0,71.8013977686939,71.6644305588259,0.0506287835814305,0.0479457852511871,0.0243018161190867,0.0230139769205698
2009,1,32.416649082002,0.0487601515387224,0.082892257615828,1.18417510879754,0.000163364682724517,1.7,0.5,1.5,40,0.07,0.0748933068388498,0,71.8531178723911,71.7134666003886,0.051720103697221,0.0490360415627293,0.0248256497746661,0.0235372999501101
2010,1,32.9374480629035,0.0496815971570288,0.084458715166949,1.20655307381356,0.000169535357092583,1.7,0.5,1.5,40,0.07,0.0748933068388498,0,71.9059079151554,71.7635884317866,0.0527900427643004,0.0501218313979876,0.0253392205268642,0.0240584790710341
2011,1,33.4687921778412,0.0505924386426919,0.0860071456925763,1.22867350989395,0.000175981314314298,1.7,0.5,1.5,40,0.07,0.0748933068388498,0,71.959749579637,71.8147879496029,0.0538416644816238,0.0511995178163147,0.0258439989511794,0.0245757685518311
2012,1,34.0104997768764,0.0514898705656406,0.087532779961589,1.25046828516556,0.000182709526676344,1.7,0.5,1.5,40,0.07,0.0748933068388498,0,72.0146210264233,71.8670525862131,0.0548714467862794,0.0522646366102322,0.0263382944574141,0.0250870255729114
2013,1,34.5623571470612,0.0523712600599189,0.0890311421018621,1.27187345859803,0.000189728625741117,1.7,0.5,1.5,40,0.07,0.0748933068388498,0,72.0704985754881,71.9203664788691,0.0558775490648031,0.0533138926559786,0.0268212235511055,0.0255906684748697
2014,1,35.124126186187,0.0532342612602603,0.0904982441424425,1.29283205917775,0.000197050406914178,1.7,0.5,1.5,40,0.07,0.0748933068388498,0,72.1273561570497,71.9747106727916,0.0568575815615588,0.0543441939225318,0.0272916391495482,0.0260852130828152
2015,1,35.6955434603602,0.0540766566372561,0.0919303162833354,1.31329023261908,0.000204689386799008,1.7,0.5,1.5,40,0.07,0.0748933068388498,0,72.1851655043705,72.0300634587052,0.0578093473207986,0.0553527859135272,0.0277484867139833,0.0265693372384931
2016,1,36.2763208392865,0.0548962991283322,0.0933237085181647,1.33319583597378,0.000212663128001756,1.7,0.5,1.5,40,0.07,0.0748933068388498,0,72.2438960212688,72.0864005239081,0.0587305168983647,0.0563370652028965,0.0281906481112151,0.0270417912973903
2017,1,36.8661445615226,0.0556910323820552,0.0946747550494938,1.35249650070705,0.000220992435399705,1.7,0.5,1.5,40,0.07,0.0748933068388498,0,72.3035146597452,72.1436950353315,0.0596186384763655,0.0572945114234074,0.0286169464686554,0.0275013654832355
2018,1,37.464673692966,0.0564586212000089,0.0959796560400151,1.37113794342879,0.000229701720815104,1.7,0.5,1.5,40,0.07,0.0748933068388498,0,72.3639856966594,72.2019176288769,0.0604710369142509,0.0582225935453948,0.0290260977188404,0.0279468449017895
